"year","variable","unit","median_IRA","median_No_IRA","absolute_diff_of_medians","percent_diff_of_medians","median_of_abs_diffs","median_of_pct_diffs"
2030,"Emissions|CO2","Mt CO2/yr",3660.969727,4267.33793080568,-606.36820380568,-0.142095192280963,-701.16668001086,-0.161602748646966
2035,"Emissions|CO2","Mt CO2/yr",3265.13939647775,4148.17937587773,-883.03997939998,-0.212874106779226,-947,-0.237248967710374
2030,"Emissions|CO2|Energy|Demand|Buildings","Mt CO2/yr",508.539527443389,545.577107350426,-37.0375799070365,-0.0678869758427146,-21.750618436783,-0.0529225336039635
2035,"Emissions|CO2|Energy|Demand|Buildings","Mt CO2/yr",498.596294232642,527.470360385093,-28.8740661524515,-0.054740641979146,-25.773877968893,-0.0619978737734536
2030,"Emissions|CO2|Energy|Demand|Industry and Fuel Production","Mt CO2/yr",929.877799699341,951.62160827,-21.743808570659,-0.0228492169384301,-15.4938376790819,-0.0163891501146019
2035,"Emissions|CO2|Energy|Demand|Industry and Fuel Production","Mt CO2/yr",938.63725181,946.46016115,-7.82290934000014,-0.00826543964670936,-48.468620941842,-0.0531209972614597
2030,"Emissions|CO2|Energy|Demand|Transportation","Mt CO2/yr",1495.9141264266,1559.06961650356,-63.1554900769552,-0.0405084477360225,-27.95708989746,-0.0189304845892185
2035,"Emissions|CO2|Energy|Demand|Transportation","Mt CO2/yr",1304.59151738843,1379.27092568447,-74.679408296045,-0.0541441183928277,-40.4970017604701,-0.0304618235976541
2030,"Emissions|CO2|Energy|Supply|Electricity","Mt CO2/yr",716.839844,1165.8820155,-449.0421715,-0.385152327191035,-452.814015195851,-0.379184872399544
2035,"Emissions|CO2|Energy|Supply|Electricity","Mt CO2/yr",472.808908986376,1098.82169836711,-626.012789380734,-0.569712802642151,-597.728043149204,-0.530282152304146
