"variable","year","unit","mean_NZ2050","mean_IRA","median_NZ2050","median_IRA","diff_median","diff_mean","pct_diff_median","pct_diff_mean"
"Emissions|CO2|Energy|Demand|Buildings",2030,"Mt CO2/yr",421.330522969438,474.732340805096,421.330522969438,491.903054886779,70.572531917341,53.4018178356584,0.167499215152898,0.126745666227301
"Emissions|CO2|Energy|Demand|Buildings",2035,"Mt CO2/yr",352.757207718834,445.949507935518,352.757207718834,468.540959764836,115.783752046002,93.1923002166838,0.328225049729636,0.264182554395778
"Emissions|CO2|Energy|Demand|Industry",2030,"Mt CO2/yr",664.484818424453,586.386765189712,664.484818424453,762.701219765941,98.2164013414875,-78.0980532347411,0.147808345079074,-0.11753173446448
"Emissions|CO2|Energy|Demand|Industry",2035,"Mt CO2/yr",663.573514058526,608.445204100555,663.573514058526,772.2996416083,108.726127549774,-55.1283099579707,0.163849408160954,-0.0830779239828257
"Emissions|CO2|Energy|Demand|Transportation",2030,"Mt CO2/yr",1172.06049694428,1507.44230765312,1172.06049694428,1482.83042382051,310.769926876225,335.381810708844,0.26514836707358,0.286147184026106
"Emissions|CO2|Energy|Demand|Transportation",2035,"Mt CO2/yr",764.171935634102,1297.81231613672,764.171935634102,1283.885,519.713064365898,533.640380502615,0.680099647907961,0.698325017732829
"Emissions|CO2|Energy|Supply|Electricity",2030,"Mt CO2/yr",429.893577881231,731.056154277176,429.893577881231,679.659054813217,249.765476931986,301.162576395945,0.580993738410742,0.700551466435604
"Emissions|CO2|Energy|Supply|Electricity",2035,"Mt CO2/yr",86.1075467254918,520.869049182173,86.1075467254918,472.159812110895,386.052265385403,434.761502456681,4.48337317768587,5.04905224907507
