"variable","year","unit","mean_NZ2050","mean_IRA","median_NZ2050","median_IRA","diff_median","diff_mean","pct_diff_median","pct_diff_mean"
"Emissions|CO2|Energy|Demand|Buildings",2030,"Mt CO2/yr",421.330522969438,467.421341803867,421.330522969438,484.153361346406,62.8228383769685,46.0908188344295,0.149105832480894,0.109393495893894
"Emissions|CO2|Energy|Demand|Buildings",2035,"Mt CO2/yr",352.757207718834,435.672204467679,352.757207718834,457.394946933751,104.637739214917,82.9149967488445,0.296628210353447,0.235048341846872
"Emissions|CO2|Energy|Demand|Industry",2030,"Mt CO2/yr",664.484818424453,586.386765189712,664.484818424453,762.701219765941,98.2164013414875,-78.0980532347411,0.147808345079074,-0.11753173446448
"Emissions|CO2|Energy|Demand|Industry",2035,"Mt CO2/yr",663.573514058526,608.445204100555,663.573514058526,772.2996416083,108.726127549774,-55.1283099579707,0.163849408160954,-0.0830779239828257
"Emissions|CO2|Energy|Demand|Transportation",2030,"Mt CO2/yr",1172.06049694428,1557.89000324425,1172.06049694428,1499.1674052122,327.10690826792,385.829506299968,0.279087051496686,0.329189071132316
"Emissions|CO2|Energy|Demand|Transportation",2035,"Mt CO2/yr",764.171935634102,1330.48964714597,764.171935634102,1283.52,519.348064365898,566.317711511869,0.679622006708409,0.741086770010657
"Emissions|CO2|Energy|Supply|Electricity",2030,"Mt CO2/yr",429.893577881231,714.066479998457,429.893577881231,674.040766406609,244.147188525378,284.172902117226,0.567924716923381,0.661030814923539
"Emissions|CO2|Energy|Supply|Electricity",2035,"Mt CO2/yr",86.1075467254918,525.029580587395,86.1075467254918,500.03751964597,413.929972920478,438.922033861903,4.8071276985753,5.09737009766603
