"variable","year","unit","median_NZ2050","median_IRA","diff_median","pct_diff_median"
"Emissions|CO2|Energy|Demand|Buildings",2030,"Mt CO2/yr",421.330522969438,507.800068955985,86.4695459865467,0.205229721732785
"Emissions|CO2|Energy|Demand|Buildings",2035,"Mt CO2/yr",352.757207718834,486.004084020855,133.246876302021,0.37772970583276
"Emissions|CO2|Energy|Demand|Industry and Fuel Production",2030,"Mt CO2/yr",664.484818424453,902.40854633,237.923727905547,0.358057432327323
"Emissions|CO2|Energy|Demand|Industry and Fuel Production",2035,"Mt CO2/yr",663.573514058526,863.9506377,200.377123641474,0.301966729226328
"Emissions|CO2|Energy|Demand|Transportation",2030,"Mt CO2/yr",1172.06049694428,1492.660848,320.60035105572,0.273535668074787
"Emissions|CO2|Energy|Demand|Transportation",2035,"Mt CO2/yr",764.171935634102,1283.52,519.348064365898,0.679622006708409
"Emissions|CO2|Energy|Supply|Electricity",2030,"Mt CO2/yr",429.893577881231,741,311.106422118769,0.723682413801306
"Emissions|CO2|Energy|Supply|Electricity",2035,"Mt CO2/yr",86.1075467254918,500.0375196,413.929972874508,4.80712769804143
