"variable","year","unit","mean_NZ2050","mean_IRA","median_NZ2050","median_IRA","diff_median","diff_mean","pct_diff_median","pct_diff_mean"
"Final Energy|Industry|Fossil",2030,"Quads",10.2711185480918,14.326507238239,10.2711185480918,17.7861042230857,7.5149856749939,4.05538869014723,0.73166185745077,0.394834181998673
"Final Energy|Industry|Fossil",2035,"Quads",10.320656593674,14.5225343016665,10.320656593674,18.3395636472736,8.01890705359955,4.20187770799245,0.776976443389726,0.407132789455273
"Final Energy|Industry|Alternative Energy",2030,"Quads",1.676866678088,0.3803812109216,1.676866678088,0.1105755353094,-1.5662911427786,-1.2964854671664,-0.934058242820186,-0.773159538625146
"Final Energy|Industry|Alternative Energy",2035,"Quads",1.797336162062,0.58351183051455,1.797336162062,0.1786945307448,-1.6186416313172,-1.21382433154745,-0.900578125274132,-0.675346302583088
"Final Energy|Industry|Electricity",2030,"Quads",3.19479723549395,2.50740986139044,3.19479723549395,3.5006038679136,0.305806632419645,-0.687387374103517,0.0957202006506568,-0.215158372639958
"Final Energy|Industry|Electricity",2035,"Quads",3.23337583594869,2.42164395859663,3.23337583594869,3.2884540320954,0.0550781961467082,-0.81173187735206,0.0170342697357816,-0.251047796030149
