"variable","year","unit","median_NZ2050","median_IRA","diff_median","pct_diff_median"
"Final Energy|Transportation|Fossil",2030,"Quads",15.4574971263058,22.5030752702003,7.04557814389449,0.455803296376114
"Final Energy|Transportation|Fossil",2035,"Quads",10.0903943129326,19.8263237278599,9.73592941492734,0.964871055876285
"Final Energy|Transportation|Alternative Fuels",2030,"Quads",2.64042120525934,1.2146445826857,-1.42577662257363,-0.539980749940082
"Final Energy|Transportation|Alternative Fuels",2035,"Quads",3.48732542989942,1.10041168755608,-2.38691374234334,-0.684453972055077
"Final Energy|Transportation|Electricity",2030,"Quads",0.992838177446234,0.9527056350875,-0.040132542358734,-0.0404220378208687
"Final Energy|Transportation|Electricity",2035,"Quads",2.247130977917,1.4653497342981,-0.7817812436189,-0.34790194755073
