"variable","year","unit","mean_NZ2050","mean_IRA","median_NZ2050","median_IRA","diff_median","diff_mean","pct_diff_median","pct_diff_mean"
"Final Energy|Transportation|Fossil",2030,"EJ/yr",16.3088173942876,24.75853542403,16.3088173942876,23.7424301226,7.4336127283124,8.4497180297424,0.455803296376114,0.518107341903407
"Final Energy|Transportation|Fossil",2035,"EJ/yr",10.646121874797,20.7286813112586,10.646121874797,20.91825672912,10.272134854323,10.0825594364616,0.964871055876285,0.947064062861278
"Final Energy|Transportation|Alternative Fuels",2030,"EJ/yr",2.78584216634241,1.3572218020775,2.78584216634241,1.434181159675,-1.35166100666741,-1.42862036426491,-0.485189370380603,-0.512814538283974
"Final Energy|Transportation|Alternative Fuels",2035,"EJ/yr",3.67938956520302,1.351438610405,3.67938956520302,1.372957994305,-2.30643157089802,-2.32795095479802,-0.626851691027926,-0.632700319861229
"Final Energy|Transportation|Electricity",2030,"EJ/yr",1.04751865103,0.875211586895882,1.04751865103,1.00517581247209,-0.0423428385579141,-0.172307064134118,-0.0404220378475165,-0.164490688509166
"Final Energy|Transportation|Electricity",2035,"EJ/yr",2.370891515,1.69429584965516,2.370891515,1.656359029665,-0.714532485335,-0.676595665344843,-0.301377132110155,-0.285376054140058
