"","Year","Scenario","Minimum","Maximum","Median"
"1",2030,"IRA",761.888432173774,2403.69644073339,1328.56671131745
"2",2030,"Difference",-1133.34099724961,844.77048348021,-601.799393331516
"3",2030,"No IRA",587.339703503,2427.59418374046,1897.21074216099
"4",2035,"IRA",549.302716182023,1703.49025081742,1099.00491758729
"5",2035,"Difference",-1426.9330293764,764.199797936092,-900.522859700596
"6",2035,"No IRA",552.1987114868,2561.77381052852,1857.71518671093
